filename,width,height,class,xmin,ymin,xmax,ymax
0_7175.pdf.jpg,3306,4678,Invoice number,749,1025,709,775
0_7175.pdf.jpg,3306,4678,Buyer details,166,1493,909,1320
0_7175.pdf.jpg,3306,4678,Shipped details,1549,2511,909,1323
0_7175.pdf.jpg,3306,4678,Invoice table,142,2759,1337,3037
0_7175.pdf.jpg,3306,4678,Invoice column,159,256,1344,3009
0_7175.pdf.jpg,3306,4678,Invoice column,270,1011,1344,3013
0_7175.pdf.jpg,3306,4678,Invoice column,1015,1249,1347,3006
0_7175.pdf.jpg,3306,4678,Invoice column,1253,1411,1347,3013
0_7175.pdf.jpg,3306,4678,Invoice column,1425,1749,1340,3002
0_7175.pdf.jpg,3306,4678,Invoice column,1763,1935,1337,3006
0_7175.pdf.jpg,3306,4678,Invoice column,1956,2128,1347,3016
0_7175.pdf.jpg,3306,4678,Invoice column,2135,2318,1354,2999
0_7175.pdf.jpg,3306,4678,Invoice column,2332,2742,1344,3006
0_7175.pdf.jpg,3306,4678,Footer notes,235,2039,3037,3113
0_7175.pdf.jpg,3306,4678,Footer notes,201,2321,3171,3754
0_7175.pdf.jpg,3306,4678,Seller details,701,2635,61,427
0_7175.pdf.jpg,3306,4678,Invoice date,783,1060,769,824
0_7194.pdf.jpg,3306,4678,Seller details,669,2648,52,421
0_7194.pdf.jpg,3306,4678,Invoice number,761,1009,715,777
0_7194.pdf.jpg,3306,4678,Buyer details,163,1494,908,1321
0_7194.pdf.jpg,3306,4678,Shipped details,1553,2494,913,1318
0_7194.pdf.jpg,3306,4678,Invoice table,140,2753,1326,3036
0_7194.pdf.jpg,3306,4678,Invoice column,163,258,1351,3003
0_7194.pdf.jpg,3306,4678,Invoice column,273,994,1344,3015
0_7194.pdf.jpg,3306,4678,Invoice column,1012,1263,1346,3018
0_7194.pdf.jpg,3306,4678,Invoice column,1273,1409,1344,3023
0_7194.pdf.jpg,3306,4678,Invoice column,1430,1743,1344,3013
0_7194.pdf.jpg,3306,4678,Invoice column,1773,1932,1354,3005
0_7194.pdf.jpg,3306,4678,Invoice column,1953,2127,1349,3008
0_7194.pdf.jpg,3306,4678,Invoice column,2143,2317,1341,3003
0_7194.pdf.jpg,3306,4678,Invoice column,2335,2740,1346,3000
0_7194.pdf.jpg,3306,4678,Footer notes,227,1820,3041,3108
0_7194.pdf.jpg,3306,4678,Footer notes,215,2309,3182,3736
0_7194.pdf.jpg,3306,4678,Invoice date,781,1073,767,828
0_72-RL-20200206-GST_Invoice 20200316 101625.pdf.jpg,3306,4672,Invoice number,499,873,841,938
0_72-RL-20200206-GST_Invoice 20200316 101625.pdf.jpg,3306,4672,Invoice table,121,3204,2227,3506
0_72-RL-20200206-GST_Invoice 20200316 101625.pdf.jpg,3306,4672,Invoice column,135,235,2237,3468
0_72-RL-20200206-GST_Invoice 20200316 101625.pdf.jpg,3306,4672,Invoice column,215,1128,2233,3468
0_72-RL-20200206-GST_Invoice 20200316 101625.pdf.jpg,3306,4672,Invoice column,1146,1349,2237,3468
0_72-RL-20200206-GST_Invoice 20200316 101625.pdf.jpg,3306,4672,Invoice column,1373,1573,2244,3471
0_72-RL-20200206-GST_Invoice 20200316 101625.pdf.jpg,3306,4672,Invoice column,1594,1877,2240,3471
0_72-RL-20200206-GST_Invoice 20200316 101625.pdf.jpg,3306,4672,Invoice column,1863,2153,2240,3475
0_72-RL-20200206-GST_Invoice 20200316 101625.pdf.jpg,3306,4672,Invoice column,2187,2411,2240,3475
0_72-RL-20200206-GST_Invoice 20200316 101625.pdf.jpg,3306,4672,Invoice column,2432,2670,2240,3475
0_72-RL-20200206-GST_Invoice 20200316 101625.pdf.jpg,3306,4672,Invoice column,2694,2932,2237,3475
0_72-RL-20200206-GST_Invoice 20200316 101625.pdf.jpg,3306,4672,Invoice column,2956,3184,2237,3471
0_72-RL-20200206-GST_Invoice 20200316 101625.pdf.jpg,3306,4672,Buyer details,129,857,1645,2238
0_72-RL-20200206-GST_Invoice 20200316 101625.pdf.jpg,3306,4672,Shipped details,1566,2277,1644,2240
0_72-RL-20200206-GST_Invoice 20200316 101625.pdf.jpg,3306,4672,Seller details,102,1128,1021,1578
0_72-RL-20200206-GST_Invoice 20200316 101625.pdf.jpg,3306,4672,Footer notes,125,697,3509,3699
0_72-RL-20200206-GST_Invoice 20200316 101625.pdf.jpg,3306,4672,Footer notes,125,1473,3702,3961
0_72-RL-20200206-GST_Invoice 20200316 101625.pdf.jpg,3306,4672,Footer notes,128,1746,4037,4302
0_72-RL-20200206-GST_Invoice 20200316 101625.pdf.jpg,3306,4672,Footer notes,2018,2387,3507,3566
0_72-RL-20200206-GST_Invoice 20200316 101625.pdf.jpg,3306,4672,Footer notes,2421,3184,3502,4020
0_72-RL-20200206-GST_Invoice 20200316 101625.pdf.jpg,3306,4672,Invoice date,491,825,941,1018
0_8089.pdf.jpg,3306,4678,Seller details,685,2637,57,421
0_8089.pdf.jpg,3306,4678,Invoice number,766,1007,713,779
0_8089.pdf.jpg,3306,4678,Buyer details,168,1058,915,1315
0_8089.pdf.jpg,3306,4678,Shipped details,1550,2507,908,1315
0_8089.pdf.jpg,3306,4678,Invoice table,140,2745,1328,3038
0_8089.pdf.jpg,3306,4678,Invoice column,163,258,1349,3013
0_8089.pdf.jpg,3306,4678,Invoice column,268,1007,1344,3026
0_8089.pdf.jpg,3306,4678,Invoice column,1020,1250,1344,3008
0_8089.pdf.jpg,3306,4678,Invoice column,1271,1415,1346,3010
0_8089.pdf.jpg,3306,4678,Invoice column,1430,1761,1346,3005
0_8089.pdf.jpg,3306,4678,Invoice column,1771,1943,1341,3005
0_8089.pdf.jpg,3306,4678,Invoice column,1956,2127,1336,3000
0_8089.pdf.jpg,3306,4678,Invoice column,2138,2317,1344,3000
0_8089.pdf.jpg,3306,4678,Invoice column,2338,2727,1346,3013
0_8089.pdf.jpg,3306,4678,Footer notes,235,1671,3038,3103
0_8089.pdf.jpg,3306,4678,Footer notes,220,2304,3185,3741
0_8089.pdf.jpg,3306,4678,Invoice date,784,1063,767,828
0_AlliedFoodService.pdf.jpg,3311,4678,Seller details,745,3050,10,338
0_AlliedFoodService.pdf.jpg,3311,4678,Buyer details,227,1396,454,1069
0_AlliedFoodService.pdf.jpg,3311,4678,Invoice number,2514,2934,718,818
0_AlliedFoodService.pdf.jpg,3311,4678,Invoice table,204,3163,1323,3223
0_AlliedFoodService.pdf.jpg,3311,4678,Invoice column,217,393,1326,3128
0_AlliedFoodService.pdf.jpg,3311,4678,Invoice column,427,1719,1341,3121
0_AlliedFoodService.pdf.jpg,3311,4678,Invoice column,1768,2075,1364,3185
0_AlliedFoodService.pdf.jpg,3311,4678,Invoice column,2101,2463,1354,3177
0_AlliedFoodService.pdf.jpg,3311,4678,Invoice column,2481,2868,1359,3190
0_AlliedFoodService.pdf.jpg,3311,4678,Invoice column,2886,3142,1369,3192
0_AlliedFoodService.pdf.jpg,3311,4678,Footer notes,1334,2975,3203,3315
0_AlliedFoodService.pdf.jpg,3311,4678,Footer notes,214,2268,3464,3646
0_AlliedFoodService.pdf.jpg,3311,4678,Footer notes,1814,3052,4203,4346
0_AlliedFoodService.pdf.jpg,3311,4678,Invoice date,2499,2837,795,897
0_ASIAAEROTECHNIC_SDN_BHD.pdf.jpg,3306,4676,Seller details,506,1891,227,622
0_ASIAAEROTECHNIC_SDN_BHD.pdf.jpg,3306,4676,Buyer details,161,884,837,1320
0_ASIAAEROTECHNIC_SDN_BHD.pdf.jpg,3306,4676,Invoice number,2299,2865,753,856
0_ASIAAEROTECHNIC_SDN_BHD.pdf.jpg,3306,4676,Invoice table,53,3256,1337,2599
0_ASIAAEROTECHNIC_SDN_BHD.pdf.jpg,3306,4676,Invoice column,122,263,1376,2550
0_ASIAAEROTECHNIC_SDN_BHD.pdf.jpg,3306,4676,Invoice column,286,1084,1366,2555
0_ASIAAEROTECHNIC_SDN_BHD.pdf.jpg,3306,4676,Invoice column,2050,2340,1376,2555
0_ASIAAEROTECHNIC_SDN_BHD.pdf.jpg,3306,4676,Invoice column,2376,2699,1381,2550
0_ASIAAEROTECHNIC_SDN_BHD.pdf.jpg,3306,4676,Invoice column,2804,3207,1378,2548
0_ASIAAEROTECHNIC_SDN_BHD.pdf.jpg,3306,4676,Footer notes,148,2460,3007,3703
0_ASIAAEROTECHNIC_SDN_BHD.pdf.jpg,3306,4676,Footer notes,84,1763,2596,2673
0_ASIAAEROTECHNIC_SDN_BHD.pdf.jpg,3306,4676,Invoice date,2282,2521,1131,1214
0_ASIAAEROTECHNIC_SDN_BHD.pdf.jpg,3306,4676,Footer notes,1921,3101,2583,3022
0_Classic_Coffee.pdf.jpg,3311,4678,Seller details,868,2799,338,841
0_Classic_Coffee.pdf.jpg,3311,4678,Buyer details,160,1268,1167,1805
0_Classic_Coffee.pdf.jpg,3311,4678,Shipped details,1814,2634,1174,1800
0_Classic_Coffee.pdf.jpg,3311,4678,Invoice number,426,906,1856,1954
0_Classic_Coffee.pdf.jpg,3311,4678,Invoice date,1317,1640,1850,1964
0_Classic_Coffee.pdf.jpg,3311,4678,Invoice table,127,3122,1954,3695
0_Classic_Coffee.pdf.jpg,3311,4678,Invoice column,137,473,1979,3669
0_Classic_Coffee.pdf.jpg,3311,4678,Invoice column,665,1919,1979,3677
0_Classic_Coffee.pdf.jpg,3311,4678,Invoice column,2032,2217,1992,3674
0_Classic_Coffee.pdf.jpg,3311,4678,Invoice column,2240,2475,1990,3677
0_Classic_Coffee.pdf.jpg,3311,4678,Invoice column,2504,2799,1990,3672
0_Classic_Coffee.pdf.jpg,3311,4678,Invoice column,2837,3111,1990,3674
0_Classic_Coffee.pdf.jpg,3311,4678,Footer notes,693,1806,3707,4008
0_Classic_Coffee.pdf.jpg,3311,4678,Footer notes,703,1917,4100,4250
0_Classic_Coffee.pdf.jpg,3311,4678,Footer notes,145,434,3706,3797
0_FIN-INV-2020-06-003.pdf.jpg,3306,4676,Seller details,507,1866,250,632
0_FIN-INV-2020-06-003.pdf.jpg,3306,4676,Buyer details,161,882,827,1319
0_FIN-INV-2020-06-003.pdf.jpg,3306,4676,Invoice number,2290,2960,768,839
0_FIN-INV-2020-06-003.pdf.jpg,3306,4676,Invoice table,48,3250,1335,2604
0_FIN-INV-2020-06-003.pdf.jpg,3306,4676,Invoice column,127,256,1373,2561
0_FIN-INV-2020-06-003.pdf.jpg,3306,4676,Invoice column,281,1171,1366,2573
0_FIN-INV-2020-06-003.pdf.jpg,3306,4676,Invoice column,2053,2363,1363,2568
0_FIN-INV-2020-06-003.pdf.jpg,3306,4676,Invoice column,2381,2730,1355,2576
0_FIN-INV-2020-06-003.pdf.jpg,3306,4676,Invoice column,2776,3212,1371,2573
0_FIN-INV-2020-06-003.pdf.jpg,3306,4676,Footer notes,91,1771,2589,2671
0_FIN-INV-2020-06-003.pdf.jpg,3306,4676,Footer notes,1926,3107,2599,3019
0_FIN-INV-2020-06-003.pdf.jpg,3306,4676,Invoice date,2290,2507,1133,1214
0_FIN-INV-2020-06-003.pdf.jpg,3306,4676,Footer notes,140,2451,3006,3697
0_IN16271.pdf.jpg,3400,4400,Seller details,180,1080,600,1025
0_IN16271.pdf.jpg,3400,4400,Buyer details,185,1148,1120,1505
0_IN16271.pdf.jpg,3400,4400,Shipped details,1678,2628,1115,1510
0_IN16271.pdf.jpg,3400,4400,Invoice date,2895,3218,598,683
0_IN16271.pdf.jpg,3400,4400,Invoice table,185,3233,1748,2885
0_IN16271.pdf.jpg,3400,4400,Invoice column,248,535,1780,2870
0_IN16271.pdf.jpg,3400,4400,Invoice column,593,2188,1775,2865
0_IN16271.pdf.jpg,3400,4400,Invoice column,2225,2740,1773,2870
0_IN16271.pdf.jpg,3400,4400,Invoice column,2765,3220,1773,2858
0_IN16271.pdf.jpg,3400,4400,Footer notes,188,1393,2893,3180
0_IN16271.pdf.jpg,3400,4400,Invoice number,2852,3206,443,551
0_Inv 54.pdf.jpg,3306,4672,Seller details,202,1094,259,692
0_Inv 54.pdf.jpg,3306,4672,Buyer details,204,1389,705,1118
0_Inv 54.pdf.jpg,3306,4672,Invoice number,1499,1768,322,392
0_Inv 54.pdf.jpg,3306,4672,Invoice date,2133,2438,317,397
0_Inv 54.pdf.jpg,3306,4672,Invoice table,176,2830,1523,2510
0_Inv 54.pdf.jpg,3306,4672,Invoice column,194,266,1546,2479
0_Inv 54.pdf.jpg,3306,4672,Invoice column,279,1340,1541,2500
0_Inv 54.pdf.jpg,3306,4672,Invoice column,1356,1650,1546,2495
0_Inv 54.pdf.jpg,3306,4672,Invoice column,1663,1940,1541,2495
0_Inv 54.pdf.jpg,3306,4672,Invoice column,1958,2225,1538,2505
0_Inv 54.pdf.jpg,3306,4672,Invoice column,2243,2356,1541,2495
0_Inv 54.pdf.jpg,3306,4672,Invoice column,2373,2815,1546,2495
0_Inv 54.pdf.jpg,3306,4672,Footer notes,204,1456,2505,2656
0_Inv 54.pdf.jpg,3306,4672,Tax table,173,2835,2638,3062
0_Inv 54.pdf.jpg,3306,4672,Tax column,191,1056,2646,3051
0_Inv 54.pdf.jpg,3306,4672,Tax column,1079,1384,2644,3049
0_Inv 54.pdf.jpg,3306,4672,Tax column,1407,1589,2736,3046
0_Inv 54.pdf.jpg,3306,4672,Tax column,1612,1930,2736,3049
0_Inv 54.pdf.jpg,3306,4672,Tax column,1945,2117,2744,3049
0_Inv 54.pdf.jpg,3306,4672,Tax column,2135,2456,2744,3049
0_Inv 54.pdf.jpg,3306,4672,Tax column,2476,2817,2662,3044
0_Inv 54.pdf.jpg,3306,4672,Footer notes,199,1825,3059,3138
0_Inv 54.pdf.jpg,3306,4672,Footer notes,199,1299,3176,3783
0_Inv 55.pdf.jpg,3306,4672,Seller details,200,1087,267,700
0_Inv 55.pdf.jpg,3306,4672,Buyer details,207,1404,700,1144
0_Inv 55.pdf.jpg,3306,4672,Invoice number,1480,1768,329,400
0_Inv 55.pdf.jpg,3306,4672,Invoice date,2121,2430,308,408
0_Inv 55.pdf.jpg,3306,4672,Invoice table,158,2835,1521,2715
0_Inv 55.pdf.jpg,3306,4672,Invoice column,184,286,1531,2700
0_Inv 55.pdf.jpg,3306,4672,Invoice column,276,1340,1536,2692
0_Inv 55.pdf.jpg,3306,4672,Invoice column,1350,1615,1541,2690
0_Inv 55.pdf.jpg,3306,4672,Invoice column,1668,1935,1551,2697
0_Inv 55.pdf.jpg,3306,4672,Invoice column,1994,2238,1549,2700
0_Inv 55.pdf.jpg,3306,4672,Invoice column,2248,2358,1549,2708
0_Inv 55.pdf.jpg,3306,4672,Invoice column,2386,2822,1546,2703
0_Inv 56.pdf.jpg,3306,4672,Seller details,199,1084,254,715
0_Inv 56.pdf.jpg,3306,4672,Buyer details,202,1397,715,1118
0_Inv 56.pdf.jpg,3306,4672,Invoice number,1497,1758,315,405
0_Inv 56.pdf.jpg,3306,4672,Invoice date,2124,2448,313,403
0_Inv 56.pdf.jpg,3306,4672,Invoice table,163,2835,1518,2721
0_Inv 56.pdf.jpg,3306,4672,Invoice column,186,261,1551,2700
0_Inv 56.pdf.jpg,3306,4672,Invoice column,268,1350,1544,2708
0_Inv 56.pdf.jpg,3306,4672,Invoice column,1353,1645,1536,2715
0_Inv 56.pdf.jpg,3306,4672,Invoice column,1653,1940,1541,2708
0_Inv 56.pdf.jpg,3306,4672,Invoice column,1953,2238,1538,2708
0_Inv 56.pdf.jpg,3306,4672,Invoice column,2243,2361,1541,2705
0_Inv 56.pdf.jpg,3306,4672,Invoice column,2376,2820,1541,2703
0_Inv 57.pdf.jpg,3306,4672,Seller details,202,1079,254,695
0_Inv 57.pdf.jpg,3306,4672,Buyer details,197,1384,706,1129
0_Inv 57.pdf.jpg,3306,4672,Invoice number,1475,1748,323,403
0_Inv 57.pdf.jpg,3306,4672,Invoice date,2120,2470,316,395
0_Inv 57.pdf.jpg,3306,4672,Invoice table,184,2820,1523,2438
0_Inv 57.pdf.jpg,3306,4672,Invoice column,191,261,1544,2415
0_Inv 57.pdf.jpg,3306,4672,Invoice column,273,1350,1546,2418
0_Inv 57.pdf.jpg,3306,4672,Invoice column,1363,1630,1541,2423
0_Inv 57.pdf.jpg,3306,4672,Invoice column,1663,1925,1538,2421
0_Inv 57.pdf.jpg,3306,4672,Invoice column,1956,2227,1546,2418
0_Inv 57.pdf.jpg,3306,4672,Invoice column,2243,2356,1549,2418
0_Inv 57.pdf.jpg,3306,4672,Invoice column,2386,2773,1554,2418
0_Inv 57.pdf.jpg,3306,4672,Footer notes,204,1509,2428,2592
0_Inv 57.pdf.jpg,3306,4672,Tax table,168,2827,2572,3054
0_Inv 57.pdf.jpg,3306,4672,Tax column,191,1063,2595,3026
0_Inv 57.pdf.jpg,3306,4672,Tax column,1086,1384,2600,3031
0_Inv 57.pdf.jpg,3306,4672,Tax column,1407,1589,2674,3033
0_Inv 57.pdf.jpg,3306,4672,Tax column,1650,1922,2679,3041
0_Inv 57.pdf.jpg,3306,4672,Tax column,1948,2117,2677,3044
0_Inv 57.pdf.jpg,3306,4672,Tax column,2179,2450,2682,3046
0_Inv 57.pdf.jpg,3306,4672,Tax column,2473,2807,2597,3038
0_Inv 57.pdf.jpg,3306,4672,Footer notes,197,1650,3059,3146
0_Inv 57.pdf.jpg,3306,4672,Footer notes,207,1372,3169,3789
0_Inv 59.pdf.jpg,3306,4672,Seller details,209,1081,259,692
0_Inv 59.pdf.jpg,3306,4672,Buyer details,207,1407,710,1121
0_Inv 59.pdf.jpg,3306,4672,Invoice number,1502,1766,321,405
0_Inv 59.pdf.jpg,3306,4672,Invoice date,2135,2471,326,403
0_Inv 59.pdf.jpg,3306,4672,Invoice table,166,2825,1513,2574
0_Inv 59.pdf.jpg,3306,4672,Invoice column,194,261,1544,2551
0_Inv 59.pdf.jpg,3306,4672,Invoice column,271,1358,1544,2556
0_Inv 59.pdf.jpg,3306,4672,Invoice column,1358,1638,1538,2554
0_Inv 59.pdf.jpg,3306,4672,Invoice column,1661,1925,1554,2554
0_Inv 59.pdf.jpg,3306,4672,Invoice column,1953,2225,1554,2559
0_Inv 59.pdf.jpg,3306,4672,Invoice column,2253,2353,1554,2551
0_Inv 59.pdf.jpg,3306,4672,Invoice column,2376,2794,1544,2556
0_Inv 59.pdf.jpg,3306,4672,Footer notes,194,1581,2572,2723
0_Inv 59.pdf.jpg,3306,4672,Tax table,161,2838,2705,3041
0_Inv 59.pdf.jpg,3306,4672,Tax column,189,1061,2731,3033
0_Inv 59.pdf.jpg,3306,4672,Tax column,1076,1386,2738,3026
0_Inv 59.pdf.jpg,3306,4672,Tax column,1415,1591,2800,3023
0_Inv 59.pdf.jpg,3306,4672,Tax column,1625,1922,2803,3026
0_Inv 59.pdf.jpg,3306,4672,Tax column,1943,2125,2803,3015
0_Inv 59.pdf.jpg,3306,4672,Tax column,2156,2443,2805,3018
0_Inv 59.pdf.jpg,3306,4672,Tax column,2471,2784,2731,3021
0_Inv 59.pdf.jpg,3306,4672,Footer notes,217,2004,3062,3146
0_Inv 59.pdf.jpg,3306,4672,Footer notes,209,1297,3172,3785
0_Inv 60.pdf.jpg,3306,4672,Seller details,207,1071,267,697
0_Inv 60.pdf.jpg,3306,4672,Buyer details,202,1399,710,1123
0_Inv 60.pdf.jpg,3306,4672,Invoice number,1503,1756,320,400
0_Inv 60.pdf.jpg,3306,4672,Invoice date,2138,2473,327,403
0_Inv 60.pdf.jpg,3306,4672,Invoice table,179,2832,1508,2703
0_Inv 60.pdf.jpg,3306,4672,Invoice column,186,258,1541,2679
0_Inv 60.pdf.jpg,3306,4672,Invoice column,273,1353,1531,2690
0_Inv 60.pdf.jpg,3306,4672,Invoice column,1356,1648,1533,2679
0_Inv 60.pdf.jpg,3306,4672,Invoice column,1663,1935,1541,2692
0_Inv 60.pdf.jpg,3306,4672,Invoice column,1961,2232,1538,2692
0_Inv 60.pdf.jpg,3306,4672,Invoice column,2250,2350,1546,2690
0_Inv 60.pdf.jpg,3306,4672,Invoice column,2376,2815,1538,2682
0_Inv 61.pdf.jpg,3306,4672,Seller details,204,1089,256,703
0_Inv 61.pdf.jpg,3306,4672,Buyer details,199,1407,705,1128
0_Inv 61.pdf.jpg,3306,4672,Invoice number,1499,1735,323,403
0_Inv 61.pdf.jpg,3306,4672,Invoice date,2145,2473,321,403
0_Inv 61.pdf.jpg,3306,4672,Invoice table,166,2820,1518,2574
0_Inv 61.pdf.jpg,3306,4672,Invoice column,184,273,1536,2556
0_Inv 61.pdf.jpg,3306,4672,Invoice column,281,1345,1538,2564
0_Inv 61.pdf.jpg,3306,4672,Invoice column,1363,1638,1538,2554
0_Inv 61.pdf.jpg,3306,4672,Invoice column,1658,1930,1549,2549
0_Inv 61.pdf.jpg,3306,4672,Invoice column,1950,2222,1546,2546
0_Inv 61.pdf.jpg,3306,4672,Invoice column,2243,2356,1536,2551
0_Inv 61.pdf.jpg,3306,4672,Invoice column,2373,2802,1544,2554
0_Inv 61.pdf.jpg,3306,4672,Footer notes,194,1663,2572,2723
0_Inv 61.pdf.jpg,3306,4672,Tax table,158,2832,2697,3059
0_Inv 61.pdf.jpg,3306,4672,Tax column,197,1058,2723,3028
0_Inv 61.pdf.jpg,3306,4672,Tax column,1084,1389,2723,3023
0_Inv 61.pdf.jpg,3306,4672,Tax column,1399,1602,2810,3026
0_Inv 61.pdf.jpg,3306,4672,Tax column,1612,1917,2810,3026
0_Inv 61.pdf.jpg,3306,4672,Tax column,1930,2120,2800,3023
0_Inv 61.pdf.jpg,3306,4672,Tax column,2143,2456,2813,3026
0_Inv 61.pdf.jpg,3306,4672,Tax column,2473,2794,2736,3026
0_Inv 61.pdf.jpg,3306,4672,Footer notes,202,2438,3067,3149
0_Inv 61.pdf.jpg,3306,4672,Footer notes,207,1289,3172,3779
0_Inv No. 62.pdf.jpg,3306,4672,Seller details,199,1085,257,696
0_Inv No. 62.pdf.jpg,3306,4672,Invoice number,1504,1760,263,399
0_Inv No. 62.pdf.jpg,3306,4672,Invoice date,2140,2468,268,391
0_Inv No. 62.pdf.jpg,3306,4672,Buyer details,201,1390,710,1116
0_Inv No. 62.pdf.jpg,3306,4672,Invoice table,171,2832,1516,2705
0_Inv No. 62.pdf.jpg,3306,4672,Invoice column,196,268,1538,2671
0_Inv No. 62.pdf.jpg,3306,4672,Invoice column,276,1349,1538,2685
0_Inv No. 62.pdf.jpg,3306,4672,Invoice column,1357,1657,1538,2671
0_Inv No. 62.pdf.jpg,3306,4672,Invoice column,1660,1949,1538,2680
0_Inv No. 62.pdf.jpg,3306,4672,Invoice column,1951,2235,1546,2671
0_Inv No. 62.pdf.jpg,3306,4672,Invoice column,2240,2360,1538,2671
0_Inv No. 62.pdf.jpg,3306,4672,Invoice column,2365,2793,1541,2674
0_Inv No. 63.pdf.jpg,3306,4672,Seller details,196,1085,255,696
0_Inv No. 63.pdf.jpg,3306,4672,Buyer details,193,1390,710,1127
0_Inv No. 63.pdf.jpg,3306,4672,Invoice number,1499,1757,321,396
0_Inv No. 63.pdf.jpg,3306,4672,Invoice date,2143,2474,327,396
0_Inv No. 63.pdf.jpg,3306,4672,Invoice table,179,2824,1516,2582
0_Inv No. 63.pdf.jpg,3306,4672,Invoice column,199,282,1552,2546
0_Inv No. 63.pdf.jpg,3306,4672,Invoice column,271,1349,1538,2552
0_Inv No. 63.pdf.jpg,3306,4672,Invoice column,1351,1646,1543,2552
0_Inv No. 63.pdf.jpg,3306,4672,Invoice column,1654,1935,1541,2552
0_Inv No. 63.pdf.jpg,3306,4672,Invoice column,1943,2229,1543,2549
0_Inv No. 63.pdf.jpg,3306,4672,Invoice column,2240,2365,1546,2552
0_Inv No. 63.pdf.jpg,3306,4672,Invoice column,2365,2793,1549,2557
0_Inv No. 63.pdf.jpg,3306,4672,Footer notes,190,1926,2563,2721
0_Inv No. 63.pdf.jpg,3306,4672,Tax table,168,2840,2707,3046
0_Inv No. 63.pdf.jpg,3306,4672,Tax column,193,1057,2721,3024
0_Inv No. 63.pdf.jpg,3306,4672,Tax column,1065,1390,2727,3024
0_Inv No. 63.pdf.jpg,3306,4672,Tax column,1399,1593,2805,3021
0_Inv No. 63.pdf.jpg,3306,4672,Tax column,1607,1926,2807,3030
0_Inv No. 63.pdf.jpg,3306,4672,Tax column,1935,2121,2807,3024
0_Inv No. 63.pdf.jpg,3306,4672,Tax column,2135,2457,2807,3018
0_Inv No. 63.pdf.jpg,3306,4672,Tax column,2462,2812,2727,3027
0_Inv No. 63.pdf.jpg,3306,4672,Footer notes,210,2435,3066,3146
0_Inv No. 63.pdf.jpg,3306,4672,Footer notes,204,1301,3177,3788
0_Invoice No. 2 - AAJM.pdf.jpg,3400,4400,Seller details,347,2809,447,834
0_Invoice No. 2 - AAJM.pdf.jpg,3400,4400,Buyer details,349,1247,872,1091
0_Invoice No. 2 - AAJM.pdf.jpg,3400,4400,Invoice number,2715,2779,881,932
0_Invoice No. 2 - AAJM.pdf.jpg,3400,4400,Invoice date,2715,2938,955,1034
0_Invoice No. 2 - AAJM.pdf.jpg,3400,4400,Invoice table,341,3073,1259,3114
0_Invoice No. 2 - AAJM.pdf.jpg,3400,4400,Invoice column,363,679,1273,3100
0_Invoice No. 2 - AAJM.pdf.jpg,3400,4400,Invoice column,692,1576,1281,3095
0_Invoice No. 2 - AAJM.pdf.jpg,3400,4400,Invoice column,1595,1795,1278,3092
0_Invoice No. 2 - AAJM.pdf.jpg,3400,4400,Invoice column,1803,2244,1278,3103
0_Invoice No. 2 - AAJM.pdf.jpg,3400,4400,Invoice column,2241,2684,1284,3100
0_Invoice No. 2 - AAJM.pdf.jpg,3400,4400,Invoice column,2682,3046,1292,3097
0_Invoice No. 2 - AAJM.pdf.jpg,3400,4400,Footer notes,387,2222,3657,3865
0_Invoice No. 2 - AAJM.pdf.jpg,3400,4400,Footer notes,2263,3027,3086,3841
0_Invoice.pdf.jpg,3306,4678,Seller details,785,1671,275,706
0_Invoice.pdf.jpg,3306,4678,Buyer details,282,1537,678,1003
0_Invoice.pdf.jpg,3306,4678,Invoice number,1754,1912,297,369
0_Invoice.pdf.jpg,3306,4678,Invoice date,2399,2704,319,406
0_Invoice.pdf.jpg,3306,4678,Invoice table,257,3049,1389,2817
0_Invoice.pdf.jpg,3306,4678,Invoice column,274,362,1408,2722
0_Invoice.pdf.jpg,3306,4678,Invoice column,365,1410,1403,2758
0_Invoice.pdf.jpg,3306,4678,Invoice column,1424,1671,1408,2789
0_Invoice.pdf.jpg,3306,4678,Invoice column,1682,1935,1403,2797
0_Invoice.pdf.jpg,3306,4678,Invoice column,1937,2185,1417,2797
0_Invoice.pdf.jpg,3306,4678,Invoice column,2196,2304,1417,2803
0_Invoice.pdf.jpg,3306,4678,Invoice column,2307,2482,1419,2803
0_Invoice.pdf.jpg,3306,4678,Invoice column,2485,2640,1417,2806
0_Invoice.pdf.jpg,3306,4678,Invoice column,2643,3037,1414,2800
0_Invoice.pdf.jpg,3306,4678,Footer notes,251,1268,2733,2894
0_Invoice.pdf.jpg,3306,4678,Tax table,221,3060,2867,3200
0_Invoice.pdf.jpg,3306,4678,Tax column,260,1526,2875,3161
0_Invoice.pdf.jpg,3306,4678,Tax column,1532,1799,2883,3172
0_Invoice.pdf.jpg,3306,4678,Tax column,1810,1971,2947,3181
0_Invoice.pdf.jpg,3306,4678,Tax column,1985,2260,2961,3181
0_Invoice.pdf.jpg,3306,4678,Tax column,2265,2440,2967,3172
0_Invoice.pdf.jpg,3306,4678,Tax column,2451,2726,2967,3181
0_Invoice.pdf.jpg,3306,4678,Tax column,2732,3024,2919,3186
0_Invoice.pdf.jpg,3306,4678,Footer notes,257,2165,3144,3275
0_Invoice.pdf.jpg,3306,4678,Footer notes,254,1601,3383,3836
0_ML-June Sample 1.pdf.jpg,3311,4678,Seller details,748,3046,8,345
0_ML-June Sample 1.pdf.jpg,3311,4678,Buyer details,228,1387,451,1071
0_ML-June Sample 1.pdf.jpg,3311,4678,Invoice number,2511,2922,723,816
0_ML-June Sample 1.pdf.jpg,3311,4678,Invoice date,2511,2833,812,892
0_ML-June Sample 1.pdf.jpg,3311,4678,Invoice table,215,3184,1315,3223
0_ML-June Sample 1.pdf.jpg,3311,4678,Invoice column,230,399,1342,3100
0_ML-June Sample 1.pdf.jpg,3311,4678,Invoice column,430,1746,1335,3112
0_ML-June Sample 1.pdf.jpg,3311,4678,Invoice column,1761,2103,1350,3185
0_ML-June Sample 1.pdf.jpg,3311,4678,Invoice column,2115,2438,1342,3188
0_ML-June Sample 1.pdf.jpg,3311,4678,Invoice column,2480,2842,1362,3181
0_ML-June Sample 1.pdf.jpg,3311,4678,Invoice column,2865,3157,1358,3177
0_ML-June Sample 1.pdf.jpg,3311,4678,Footer notes,1323,3046,3192,3342
0_ML-June Sample 1.pdf.jpg,3311,4678,Footer notes,203,2273,3465,3654
0_NOW_ON.pdf.jpg,3311,4678,Seller details,935,1854,147,532
0_NOW_ON.pdf.jpg,3311,4678,Invoice number,2715,3013,614,684
0_NOW_ON.pdf.jpg,3311,4678,Invoice date,2735,2991,686,756
0_NOW_ON.pdf.jpg,3311,4678,Buyer details,341,765,606,692
0_NOW_ON.pdf.jpg,3311,4678,Invoice table,276,3099,1054,3315
0_NOW_ON.pdf.jpg,3311,4678,Invoice column,307,476,1069,3277
0_NOW_ON.pdf.jpg,3311,4678,Invoice column,484,561,1081,3269
0_NOW_ON.pdf.jpg,3311,4678,Invoice column,565,2180,1069,3285
0_NOW_ON.pdf.jpg,3311,4678,Invoice column,2173,2315,1073,3296
0_NOW_ON.pdf.jpg,3311,4678,Invoice column,2307,2692,1062,3292
0_NOW_ON.pdf.jpg,3311,4678,Invoice column,2669,3073,1069,3288
0_NOW_ON.pdf.jpg,3311,4678,Footer notes,309,2028,3288,3560
0_OFC.pdf.jpg,3306,4672,Seller details,190,1207,246,585
0_OFC.pdf.jpg,3306,4672,Buyer details,186,1207,746,1124
0_OFC.pdf.jpg,3306,4672,Invoice number,1573,1797,313,383
0_OFC.pdf.jpg,3306,4672,Invoice date,2125,2460,307,383
0_OFC.pdf.jpg,3306,4672,Buyer details,189,1216,1295,1671
0_OFC.pdf.jpg,3306,4672,Invoice table,162,2760,1785,3152
0_OFC.pdf.jpg,3306,4672,Invoice column,186,249,1802,3137
0_OFC.pdf.jpg,3306,4672,Invoice column,258,1429,1802,3133
0_OFC.pdf.jpg,3306,4672,Invoice column,1434,1697,1804,3130
0_OFC.pdf.jpg,3306,4672,Invoice column,1695,1958,1807,3128
0_OFC.pdf.jpg,3306,4672,Invoice column,1951,2229,1809,3111
0_OFC.pdf.jpg,3306,4672,Invoice column,2216,2334,1813,3126
0_OFC.pdf.jpg,3306,4672,Invoice column,2325,2719,1811,3130
0_OFC.pdf.jpg,3306,4672,Footer notes,179,1225,3148,3285
0_OFC.pdf.jpg,3306,4672,Tax table,171,2732,3278,3661
0_OFC.pdf.jpg,3306,4672,Tax column,186,1177,3289,3641
0_OFC.pdf.jpg,3306,4672,Tax column,1182,1471,3291,3650
0_OFC.pdf.jpg,3306,4672,Tax column,1475,1660,3370,3643
0_OFC.pdf.jpg,3306,4672,Tax column,1664,1942,3365,3650
0_OFC.pdf.jpg,3306,4672,Tax column,1953,2125,3372,3646
0_OFC.pdf.jpg,3306,4672,Tax column,2127,2416,3372,3637
0_OFC.pdf.jpg,3306,4672,Tax column,2421,2714,3296,3646
0_OFC.pdf.jpg,3306,4672,Footer notes,188,1912,3674,3750
0_OFC.pdf.jpg,3306,4672,Footer notes,192,1256,4167,4385
0_OFC.pdf.jpg,3306,4672,Footer notes,1458,2564,3924,4152
1_Inv 55.pdf.jpg,3306,4672,Seller details,199,1093,263,693
1_Inv 55.pdf.jpg,3306,4672,Buyer details,199,1387,707,1132
1_Inv 55.pdf.jpg,3306,4672,Invoice table,174,2821,1521,2380
1_Inv 55.pdf.jpg,3306,4672,Invoice column,201,271,1538,2357
1_Inv 55.pdf.jpg,3306,4672,Invoice column,285,1351,1538,2360
1_Inv 55.pdf.jpg,3306,4672,Invoice column,1362,1643,1543,2355
1_Inv 55.pdf.jpg,3306,4672,Invoice column,1646,1940,1543,2357
1_Inv 55.pdf.jpg,3306,4672,Invoice column,1943,2237,1549,2360
1_Inv 55.pdf.jpg,3306,4672,Invoice column,2237,2357,1546,2360
1_Inv 55.pdf.jpg,3306,4672,Invoice column,2368,2796,1543,2360
1_Inv 55.pdf.jpg,3306,4672,Footer notes,193,1707,2371,2532
1_Inv 55.pdf.jpg,3306,4672,Tax table,176,2835,2516,3046
1_Inv 55.pdf.jpg,3306,4672,Tax column,199,1057,2527,3030
1_Inv 55.pdf.jpg,3306,4672,Tax column,1057,1385,2535,3027
1_Inv 55.pdf.jpg,3306,4672,Tax column,1393,1593,2605,3030
1_Inv 55.pdf.jpg,3306,4672,Tax column,1607,1924,2602,3024
1_Inv 55.pdf.jpg,3306,4672,Tax column,1935,2129,2602,3021
1_Inv 55.pdf.jpg,3306,4672,Tax column,2137,2451,2610,3024
1_Inv 55.pdf.jpg,3306,4672,Tax column,2471,2801,2530,3027
1_Inv 55.pdf.jpg,3306,4672,Footer notes,196,2065,3060,3152
1_Inv 55.pdf.jpg,3306,4672,Footer notes,210,1290,3168,3780
1_Inv 55.pdf.jpg,3306,4672,Invoice number,1496,1746,330,393
1_Inv 55.pdf.jpg,3306,4672,Invoice date,2146,2443,327,399
1_Inv 56.pdf.jpg,3306,4672,Seller details,192,1071,257,696
1_Inv 56.pdf.jpg,3306,4672,Buyer details,199,1397,709,1128
1_Inv 56.pdf.jpg,3306,4672,Invoice number,1499,1736,317,407
1_Inv 56.pdf.jpg,3306,4672,Invoice date,2142,2438,324,407
1_Inv 56.pdf.jpg,3306,4672,Invoice table,179,2829,1526,2313
1_Inv 56.pdf.jpg,3306,4672,Invoice column,195,269,1539,2293
1_Inv 56.pdf.jpg,3306,4672,Invoice column,275,1356,1546,2289
1_Inv 56.pdf.jpg,3306,4672,Invoice column,1358,1647,1546,2298
1_Inv 56.pdf.jpg,3306,4672,Invoice column,1647,1940,1541,2291
1_Inv 56.pdf.jpg,3306,4672,Invoice column,1938,2236,1546,2296
1_Inv 56.pdf.jpg,3306,4672,Invoice column,2240,2366,1541,2289
1_Inv 56.pdf.jpg,3306,4672,Invoice column,2369,2810,1543,2296
1_Inv 56.pdf.jpg,3306,4672,Footer notes,206,1671,2302,2454
1_Inv 56.pdf.jpg,3306,4672,Tax table,173,2821,2441,3050
1_Inv 56.pdf.jpg,3306,4672,Tax column,195,1060,2465,3020
1_Inv 56.pdf.jpg,3306,4672,Tax column,1060,1392,2461,3033
1_Inv 56.pdf.jpg,3306,4672,Tax column,1397,1597,2539,3033
1_Inv 56.pdf.jpg,3306,4672,Tax column,1606,1923,2537,3039
1_Inv 56.pdf.jpg,3306,4672,Tax column,1927,2119,2535,3033
1_Inv 56.pdf.jpg,3306,4672,Tax column,2138,2460,2546,3037
1_Inv 56.pdf.jpg,3306,4672,Tax column,2464,2797,2461,3035
1_Inv 56.pdf.jpg,3306,4672,Footer notes,208,2403,3059,3148
1_Inv 56.pdf.jpg,3306,4672,Footer notes,203,1306,3165,3787
1_Inv 60.pdf.jpg,3306,4672,Seller details,199,1090,257,707
1_Inv 60.pdf.jpg,3306,4672,Buyer details,201,1390,707,1118
1_Inv 60.pdf.jpg,3306,4672,Invoice number,1487,1749,324,399
1_Inv 60.pdf.jpg,3306,4672,Invoice date,2146,2465,318,402
1_Inv 60.pdf.jpg,3306,4672,Invoice table,168,2821,1518,2313
1_Inv 60.pdf.jpg,3306,4672,Invoice column,196,290,1535,2288
1_Inv 60.pdf.jpg,3306,4672,Invoice column,296,1362,1530,2305
1_Inv 60.pdf.jpg,3306,4672,Invoice column,1365,1646,1530,2302
1_Inv 60.pdf.jpg,3306,4672,Invoice column,1646,1943,1532,2302
1_Inv 60.pdf.jpg,3306,4672,Invoice column,1943,2243,1527,2313
1_Inv 60.pdf.jpg,3306,4672,Invoice column,2237,2365,1527,2302
1_Inv 60.pdf.jpg,3306,4672,Invoice column,2365,2807,1530,2299
1_Inv 60.pdf.jpg,3306,4672,Footer notes,196,1382,2299,2468
1_Inv 60.pdf.jpg,3306,4672,Tax table,174,2835,2441,3041
1_Inv 60.pdf.jpg,3306,4672,Tax column,199,1060,2468,3027
1_Inv 60.pdf.jpg,3306,4672,Tax column,1060,1385,2466,3035
1_Inv 60.pdf.jpg,3306,4672,Tax column,1390,1593,2538,3032
1_Inv 60.pdf.jpg,3306,4672,Tax column,1610,1921,2530,3027
1_Inv 60.pdf.jpg,3306,4672,Tax column,1932,2118,2532,3024
1_Inv 60.pdf.jpg,3306,4672,Tax column,2137,2460,2530,3030
1_Inv 60.pdf.jpg,3306,4672,Tax column,2465,2818,2466,3018
1_Inv 60.pdf.jpg,3306,4672,Footer notes,199,1707,3063,3138
1_Inv 60.pdf.jpg,3306,4672,Footer notes,193,1299,3157,3785
1_Inv No. 62.pdf.jpg,3306,4672,Seller details,201,1076,266,713
1_Inv No. 62.pdf.jpg,3306,4672,Buyer details,201,1385,713,1124
1_Inv No. 62.pdf.jpg,3306,4672,Invoice number,1501,1743,330,402
1_Inv No. 62.pdf.jpg,3306,4672,Invoice date,2143,2468,327,396
1_Inv No. 62.pdf.jpg,3306,4672,Invoice table,176,2818,1524,2380
1_Inv No. 62.pdf.jpg,3306,4672,Invoice column,190,268,1538,2360
1_Inv No. 62.pdf.jpg,3306,4672,Invoice column,279,1360,1543,2366
1_Inv No. 62.pdf.jpg,3306,4672,Invoice column,1360,1651,1543,2363
1_Inv No. 62.pdf.jpg,3306,4672,Invoice column,1649,1943,1538,2355
1_Inv No. 62.pdf.jpg,3306,4672,Invoice column,1954,2235,1543,2363
1_Inv No. 62.pdf.jpg,3306,4672,Invoice column,2240,2365,1543,2357
1_Inv No. 62.pdf.jpg,3306,4672,Invoice column,2368,2818,1546,2357
1_Inv No. 62.pdf.jpg,3306,4672,Footer notes,196,1965,2355,2535
1_Inv No. 62.pdf.jpg,3306,4672,Tax table,174,2824,2502,3052
1_Inv No. 62.pdf.jpg,3306,4672,Tax column,199,1060,2527,3032
1_Inv No. 62.pdf.jpg,3306,4672,Tax column,1065,1385,2532,3032
1_Inv No. 62.pdf.jpg,3306,4672,Tax column,1399,1593,2605,3030
1_Inv No. 62.pdf.jpg,3306,4672,Tax column,1624,1924,2610,3030
1_Inv No. 62.pdf.jpg,3306,4672,Tax column,1932,2121,2610,3035
1_Inv No. 62.pdf.jpg,3306,4672,Tax column,2143,2460,2593,3035
1_Inv No. 62.pdf.jpg,3306,4672,Tax column,2479,2807,2524,3035
1_Inv No. 62.pdf.jpg,3306,4672,Footer notes,215,2201,3049,3160
1_Inv No. 62.pdf.jpg,3306,4672,Footer notes,201,1304,3171,3780
1_Invoice.pdf.jpg,3306,4678,Seller details,719,1608,260,662
1_Invoice.pdf.jpg,3306,4678,Buyer details,342,1610,701,1208
1_Invoice.pdf.jpg,3306,4678,Invoice number,1636,1962,299,375
1_Invoice.pdf.jpg,3306,4678,Invoice date,2277,2606,288,366
1_Invoice.pdf.jpg,3306,4678,Invoice table,316,2947,1473,3051
1_Invoice.pdf.jpg,3306,4678,Invoice column,329,415,1489,3025
1_Invoice.pdf.jpg,3306,4678,Invoice column,426,668,1489,3025
1_Invoice.pdf.jpg,3306,4678,Invoice column,674,1607,1489,3025
1_Invoice.pdf.jpg,3306,4678,Invoice column,1612,1896,1497,3006
1_Invoice.pdf.jpg,3306,4678,Invoice column,1886,2165,1489,3025
1_Invoice.pdf.jpg,3306,4678,Invoice column,2185,2426,1486,3031
1_Invoice.pdf.jpg,3306,4678,Invoice column,2421,2546,1497,3036
1_Invoice.pdf.jpg,3306,4678,Invoice column,2557,2940,1486,3036
1_Invoice.pdf.jpg,3306,4678,Footer notes,329,1865,3042,3194
1_Invoice.pdf.jpg,3306,4678,Tax table,296,2965,3161,3444
1_Invoice.pdf.jpg,3306,4678,Tax column,332,1149,3183,3431
1_Invoice.pdf.jpg,3306,4678,Tax column,1146,1387,3178,3442
1_Invoice.pdf.jpg,3306,4678,Tax column,1385,1682,3175,3447
1_Invoice.pdf.jpg,3306,4678,Tax column,1682,1854,3242,3447
1_Invoice.pdf.jpg,3306,4678,Tax column,1871,2154,3244,3433
1_Invoice.pdf.jpg,3306,4678,Tax column,2165,2335,3242,3433
1_Invoice.pdf.jpg,3306,4678,Tax column,2379,2626,3244,3433
1_Invoice.pdf.jpg,3306,4678,Tax column,2629,2946,3183,3428
1_Invoice.pdf.jpg,3306,4678,Footer notes,332,2210,3417,3539
1_Invoice.pdf.jpg,3306,4678,Footer notes,335,1554,3581,4122
1_Invoice.pdf.jpg,3306,4678,Footer notes,1626,2935,3647,3894
1_ML-June Sample 1.pdf.jpg,3311,4678,Seller details,645,2139,203,564
1_ML-June Sample 1.pdf.jpg,3311,4678,Buyer details,134,1512,817,1206
1_ML-June Sample 1.pdf.jpg,3311,4678,Shipped details,1709,3081,822,1197
1_ML-June Sample 1.pdf.jpg,3311,4678,Invoice table,23,3298,1175,2406
1_ML-June Sample 1.pdf.jpg,3311,4678,Invoice column,45,212,1189,2378
1_ML-June Sample 1.pdf.jpg,3311,4678,Invoice column,223,739,1197,2378
1_ML-June Sample 1.pdf.jpg,3311,4678,Invoice column,756,2187,1194,2428
1_ML-June Sample 1.pdf.jpg,3311,4678,Invoice column,2259,2609,1208,2403
1_ML-June Sample 1.pdf.jpg,3311,4678,Invoice column,2609,2984,1217,2403
1_ML-June Sample 1.pdf.jpg,3311,4678,Invoice column,2978,3298,1211,2394
1_ML-June Sample 1.pdf.jpg,3311,4678,Footer notes,53,1642,3164,3636
2_Invoice.pdf.jpg,3306,4678,Seller details,537,1457,178,586
2_Invoice.pdf.jpg,3306,4678,Buyer details,149,1471,561,1061
2_Invoice.pdf.jpg,3306,4678,Invoice number,1735,2132,231,322
2_Invoice.pdf.jpg,3306,4678,Invoice date,2382,2743,250,328
2_Invoice.pdf.jpg,3306,4678,Invoice table,154,3060,1361,3089
2_Invoice.pdf.jpg,3306,4678,Invoice column,179,260,1386,3039
2_Invoice.pdf.jpg,3306,4678,Invoice column,257,1751,1383,3056
2_Invoice.pdf.jpg,3306,4678,Invoice column,1754,2015,1386,3078
2_Invoice.pdf.jpg,3306,4678,Invoice column,2015,2296,1389,3083
2_Invoice.pdf.jpg,3306,4678,Invoice column,2304,2543,1383,3067
2_Invoice.pdf.jpg,3306,4678,Invoice column,2549,2657,1378,3061
2_Invoice.pdf.jpg,3306,4678,Invoice column,2676,3046,1381,3083
2_Invoice.pdf.jpg,3306,4678,Footer notes,176,2232,3086,3169
2_Invoice.pdf.jpg,3306,4678,Tax table,160,3065,3150,3439
2_Invoice.pdf.jpg,3306,4678,Tax column,182,351,3158,3406
2_Invoice.pdf.jpg,3306,4678,Tax column,385,1540,3161,3417
2_Invoice.pdf.jpg,3306,4678,Tax column,1554,1837,3167,3411
2_Invoice.pdf.jpg,3306,4678,Tax column,1835,2012,3228,3414
2_Invoice.pdf.jpg,3306,4678,Tax column,2037,2287,3228,3417
2_Invoice.pdf.jpg,3306,4678,Tax column,2299,2476,3228,3406
2_Invoice.pdf.jpg,3306,4678,Tax column,2499,2757,3225,3414
2_Invoice.pdf.jpg,3306,4678,Tax column,2762,3049,3169,3422
2_Invoice.pdf.jpg,3306,4678,Footer notes,165,2815,3394,3506
2_Invoice.pdf.jpg,3306,4678,Footer notes,160,2565,3831,4111
2_ML-June Sample 1.pdf.jpg,3311,4678,Seller details,609,2101,217,597
2_ML-June Sample 1.pdf.jpg,3311,4678,Buyer details,28,1389,844,1206
2_ML-June Sample 1.pdf.jpg,3311,4678,Shipped details,1617,2898,847,1206
2_ML-June Sample 1.pdf.jpg,3311,4678,Invoice table,1,3309,1206,1981
2_ML-June Sample 1.pdf.jpg,3311,4678,Invoice column,31,173,1231,1961
2_ML-June Sample 1.pdf.jpg,3311,4678,Invoice column,209,687,1222,1964
2_ML-June Sample 1.pdf.jpg,3311,4678,Invoice column,703,2073,1222,1961
2_ML-June Sample 1.pdf.jpg,3311,4678,Invoice column,2167,2598,1225,1933
2_ML-June Sample 1.pdf.jpg,3311,4678,Invoice column,2620,2956,1219,1931
2_ML-June Sample 1.pdf.jpg,3311,4678,Invoice column,2970,3298,1214,1953
2_ML-June Sample 1.pdf.jpg,3311,4678,Footer notes,703,1951,2067,2294
2_ML-June Sample 1.pdf.jpg,3311,4678,Footer notes,64,1642,3189,3644
2_ML-June Sample 1.pdf.jpg,3311,4678,Footer notes,1676,3311,3503,3649
2_ML-June Sample 1.pdf.jpg,3311,4678,Invoice date,2784,3167,364,442
2_ML-June Sample 1.pdf.jpg,3311,4678,Invoice number,2800,3088,300,374
3_Invoice.pdf.jpg,3306,4678,Seller details,282,1393,308,714
3_Invoice.pdf.jpg,3306,4678,Buyer details,279,1557,711,1147
3_Invoice.pdf.jpg,3306,4678,Invoice number,1562,1712,339,419
3_Invoice.pdf.jpg,3306,4678,Invoice date,2204,2557,331,408
3_Invoice.pdf.jpg,3306,4678,Invoice table,232,2882,1500,2672
3_Invoice.pdf.jpg,3306,4678,Invoice column,251,349,1522,2644
3_Invoice.pdf.jpg,3306,4678,Invoice column,354,1410,1519,2650
3_Invoice.pdf.jpg,3306,4678,Invoice column,1418,1665,1511,2644
3_Invoice.pdf.jpg,3306,4678,Invoice column,1671,1843,1514,2642
3_Invoice.pdf.jpg,3306,4678,Invoice column,1851,2099,1511,2642
3_Invoice.pdf.jpg,3306,4678,Invoice column,2096,2360,1500,2639
3_Invoice.pdf.jpg,3306,4678,Invoice column,2365,2474,1514,2639
3_Invoice.pdf.jpg,3306,4678,Invoice column,2485,2871,1517,2661
3_Invoice.pdf.jpg,3306,4678,Footer notes,243,1499,2636,2806
3_Invoice.pdf.jpg,3306,4678,Tax table,224,2882,2775,3067
3_Invoice.pdf.jpg,3306,4678,Tax column,262,1340,2811,3044
3_Invoice.pdf.jpg,3306,4678,Tax column,1346,1643,2800,3047
3_Invoice.pdf.jpg,3306,4678,Tax column,1646,1801,2869,3039
3_Invoice.pdf.jpg,3306,4678,Tax column,1832,2090,2875,3044
3_Invoice.pdf.jpg,3306,4678,Tax column,2099,2262,2872,3050
3_Invoice.pdf.jpg,3306,4678,Tax column,2274,2557,2856,3056
3_Invoice.pdf.jpg,3306,4678,Tax column,2576,2868,2811,3056
3_Invoice.pdf.jpg,3306,4678,Footer notes,257,2257,3064,3161
3_Invoice.pdf.jpg,3306,4678,Footer notes,260,1535,3281,3742
3_Invoice.pdf.jpg,3306,4678,Footer notes,1532,2829,3278,3531
4_Invoice.pdf.jpg,3306,4678,Seller details,303,1382,616,1216
4_Invoice.pdf.jpg,3306,4678,Buyer details,312,1425,1247,1545
4_Invoice.pdf.jpg,3306,4678,Invoice number,1632,1879,671,747
4_Invoice.pdf.jpg,3306,4678,Invoice date,2186,2519,679,747
4_Invoice.pdf.jpg,3306,4678,Invoice table,284,2771,1627,3225
4_Invoice.pdf.jpg,3306,4678,Invoice column,301,423,1649,3177
4_Invoice.pdf.jpg,3306,4678,Invoice column,427,1308,1642,3186
4_Invoice.pdf.jpg,3306,4678,Invoice column,1312,1477,1642,3182
4_Invoice.pdf.jpg,3306,4678,Invoice column,1473,1592,1645,3182
4_Invoice.pdf.jpg,3306,4678,Invoice column,1592,1758,1640,3179
4_Invoice.pdf.jpg,3306,4678,Invoice column,1756,1925,1642,3184
4_Invoice.pdf.jpg,3306,4678,Invoice column,1923,2027,1634,3203
4_Invoice.pdf.jpg,3306,4678,Invoice column,2038,2245,1642,3186
4_Invoice.pdf.jpg,3306,4678,Invoice column,2253,2412,1656,3188
4_Invoice.pdf.jpg,3306,4678,Invoice column,2414,2758,1656,3199
4_Invoice.pdf.jpg,3306,4678,Footer notes,303,2036,3171,3316
4_Invoice.pdf.jpg,3306,4678,Tax table,292,2762,3286,3536
4_Invoice.pdf.jpg,3306,4678,Tax column,314,1397,3297,3490
4_Invoice.pdf.jpg,3306,4678,Tax column,1406,1649,3297,3492
4_Invoice.pdf.jpg,3306,4678,Tax column,1651,1810,3342,3495
4_Invoice.pdf.jpg,3306,4678,Tax column,1819,2066,3353,3499
4_Invoice.pdf.jpg,3306,4678,Tax column,2077,2221,3358,3503
4_Invoice.pdf.jpg,3306,4678,Tax column,2236,2479,3356,3499
4_Invoice.pdf.jpg,3306,4678,Tax column,2479,2734,3306,3514
4_Invoice.pdf.jpg,3306,4678,Footer notes,321,2403,3508,3601
4_Invoice.pdf.jpg,3306,4678,Footer notes,316,1469,3797,4101
4_Invoice.pdf.jpg,3306,4678,Footer notes,1527,2590,3714,3934
4_ML-June Sample 1.pdf.jpg,3311,4678,Seller details,853,2803,336,839
4_ML-June Sample 1.pdf.jpg,3311,4678,Buyer details,167,1267,1183,1800
4_ML-June Sample 1.pdf.jpg,3311,4678,Shipped details,1817,2378,1186,1400
4_ML-June Sample 1.pdf.jpg,3311,4678,Invoice number,437,884,1842,1967
4_ML-June Sample 1.pdf.jpg,3311,4678,Invoice date,1306,1626,1858,1969
4_ML-June Sample 1.pdf.jpg,3311,4678,Invoice table,109,3167,1950,3647
4_ML-June Sample 1.pdf.jpg,3311,4678,Invoice column,123,495,1961,3617
4_ML-June Sample 1.pdf.jpg,3311,4678,Invoice column,648,1926,1983,3631
4_ML-June Sample 1.pdf.jpg,3311,4678,Invoice column,2009,2212,1983,3631
4_ML-June Sample 1.pdf.jpg,3311,4678,Invoice column,2237,2476,1981,3628
4_ML-June Sample 1.pdf.jpg,3311,4678,Invoice column,2509,2806,1986,3625
4_ML-June Sample 1.pdf.jpg,3311,4678,Invoice column,2842,3137,1978,3617
4_ML-June Sample 1.pdf.jpg,3311,4678,Footer notes,684,1759,3709,4006
4_ML-June Sample 1.pdf.jpg,3311,4678,Footer notes,687,1926,4103,4250
4_ML-June Sample 1.pdf.jpg,3311,4678,Footer notes,148,428,3706,3808
5_ML-June Sample 1.pdf.jpg,3311,4678,Seller details,812,2803,103,397
5_ML-June Sample 1.pdf.jpg,3311,4678,Buyer details,409,1242,572,914
5_ML-June Sample 1.pdf.jpg,3311,4678,Shipped details,398,1245,983,1386
5_ML-June Sample 1.pdf.jpg,3311,4678,Invoice number,2364,2673,428,500
5_ML-June Sample 1.pdf.jpg,3311,4678,Invoice date,2189,2576,483,578
5_ML-June Sample 1.pdf.jpg,3311,4678,Invoice table,3,3307,1427,3896
5_ML-June Sample 1.pdf.jpg,3311,4678,Invoice column,15,169,1442,3885
5_ML-June Sample 1.pdf.jpg,3311,4678,Invoice column,173,780,1438,3865
5_ML-June Sample 1.pdf.jpg,3311,4678,Invoice column,811,2142,1454,3854
5_ML-June Sample 1.pdf.jpg,3311,4678,Invoice column,2149,2561,1458,3854
5_ML-June Sample 1.pdf.jpg,3311,4678,Invoice column,2573,2884,1450,3858
5_ML-June Sample 1.pdf.jpg,3311,4678,Invoice column,2907,3288,1446,3869
5_ML-June Sample 1.pdf.jpg,3311,4678,Footer notes,76,2242,4073,4250
5_ML-June Sample 1.pdf.jpg,3311,4678,Footer notes,2615,3230,3892,4042
6_ML-June Sample 1.pdf.jpg,3311,4678,Seller details,948,2892,258,603
6_ML-June Sample 1.pdf.jpg,3311,4678,Buyer details,526,1681,878,1347
6_ML-June Sample 1.pdf.jpg,3311,4678,Invoice number,2501,2773,750,858
6_ML-June Sample 1.pdf.jpg,3311,4678,Invoice date,2637,2926,1136,1231
6_ML-June Sample 1.pdf.jpg,3311,4678,Invoice table,192,3134,1523,3908
6_ML-June Sample 1.pdf.jpg,3311,4678,Invoice column,223,461,1554,3869
6_ML-June Sample 1.pdf.jpg,3311,4678,Invoice column,488,896,1554,3854
6_ML-June Sample 1.pdf.jpg,3311,4678,Invoice column,919,3065,1550,3877
7_ML-June Sample 1.pdf.jpg,3311,4678,Seller details,928,1852,153,536
7_ML-June Sample 1.pdf.jpg,3311,4678,Invoice number,2724,3000,610,686
7_ML-June Sample 1.pdf.jpg,3311,4678,Invoice date,2739,2992,678,756
7_ML-June Sample 1.pdf.jpg,3311,4678,Buyer details,328,776,592,689
7_ML-June Sample 1.pdf.jpg,3311,4678,Invoice table,288,3084,1054,3288
7_ML-June Sample 1.pdf.jpg,3311,4678,Invoice column,315,469,1077,3242
7_ML-June Sample 1.pdf.jpg,3311,4678,Invoice column,472,569,1068,3235
7_ML-June Sample 1.pdf.jpg,3311,4678,Invoice column,572,2172,1065,3261
7_ML-June Sample 1.pdf.jpg,3311,4678,Invoice column,2176,2308,1068,3277
7_ML-June Sample 1.pdf.jpg,3311,4678,Invoice column,2314,2679,1058,3271
7_ML-June Sample 1.pdf.jpg,3311,4678,Invoice column,2676,3072,1071,3261
7_ML-June Sample 1.pdf.jpg,3311,4678,Footer notes,308,2024,3294,3513
8_ML-June Sample 1.pdf.jpg,3311,4678,Buyer details,351,1737,686,1272
8_ML-June Sample 1.pdf.jpg,3311,4678,Invoice number,717,1008,533,639
8_ML-June Sample 1.pdf.jpg,3311,4678,Invoice date,1287,1648,1275,1428
8_ML-June Sample 1.pdf.jpg,3311,4678,Invoice table,295,3045,1678,3281
8_ML-June Sample 1.pdf.jpg,3311,4678,Invoice column,320,437,1694,3250
8_ML-June Sample 1.pdf.jpg,3311,4678,Invoice column,445,756,1689,3256
8_ML-June Sample 1.pdf.jpg,3311,4678,Invoice column,770,1973,1700,3267
8_ML-June Sample 1.pdf.jpg,3311,4678,Invoice column,1987,2398,1706,3267
8_ML-June Sample 1.pdf.jpg,3311,4678,Invoice column,2409,2709,1706,3261
8_ML-June Sample 1.pdf.jpg,3311,4678,Invoice column,2720,3026,1714,3256
8_ML-June Sample 1.pdf.jpg,3311,4678,Footer notes,2103,3039,3353,3711
8_ML-June Sample 1.pdf.jpg,3311,4678,Footer notes,289,2048,3281,3453
Invoice_128.jpg,600,600,Seller details,8,189,14,50
Invoice_128.jpg,600,600,Buyer details,18,134,119,169
Invoice_128.jpg,600,600,Shipped details,172,290,120,169
Invoice_128.jpg,600,600,Invoice table,14,426,173,252
Invoice_128.jpg,600,600,Invoice column,18,333,178,249
Invoice_128.jpg,600,600,Invoice column,335,423,177,248
Invoice_128.jpg,600,600,Footer notes,18,319,251,265
Invoice_128.jpg,600,600,Invoice number,350,397,2,11
Invoice_128.jpg,600,600,Invoice date,353,408,18,27
Invoice_193.jpg,600,600,Seller details,107,253,31,91
Invoice_193.jpg,600,600,Buyer details,36,215,99,120
Invoice_193.jpg,600,600,Invoice number,442,472,31,43
Invoice_193.jpg,600,600,Invoice date,444,504,42,52
Invoice_193.jpg,600,600,Invoice table,32,569,169,490
Invoice_193.jpg,600,600,Invoice column,35,49,173,485
Invoice_193.jpg,600,600,Invoice column,48,259,171,488
Invoice_193.jpg,600,600,Invoice column,259,313,171,488
Invoice_193.jpg,600,600,Invoice column,313,352,171,488
Invoice_193.jpg,600,600,Invoice column,352,402,171,488
Invoice_193.jpg,600,600,Invoice column,403,459,171,486
Invoice_193.jpg,600,600,Invoice column,459,493,173,486
Invoice_193.jpg,600,600,Invoice column,495,564,173,488
Invoice_193.jpg,600,600,Footer notes,36,259,490,508
Invoice_193.jpg,600,600,Footer notes,37,269,532,570
Invoice_193.jpg,600,600,Footer notes,300,510,508,543
